image_names,value
captcha_1577908237.jpg,70960
captcha_1577910073.jpg,59008
captcha_1577910078.jpg,33530
captcha_1577910079.jpg,25808
captcha_1577910082.jpg,77085
captcha_1577910083.jpg,60328
captcha_1577910084.jpg,84302
captcha_1577910087.jpg,02056
captcha_1577910088.jpg,20060
captcha_1577910092.jpg,78390
captcha_1577910093.jpg,58297
captcha_1577910096.jpg,58464
captcha_1577910097.jpg,79240
captcha_1577910098.jpg,54404
captcha_1577910101.jpg,50332
captcha_1577910102.jpg,63409
captcha_1577910103.jpg,79980
captcha_1577910104.jpg,40075
captcha_1577910105.jpg,92893
captcha_1577910106.jpg,69252
captcha_1577910107.jpg,06387
captcha_1577910108.jpg,30375
captcha_1577910109.jpg,95220
captcha_1577910110.jpg,40320
captcha_1577910111.jpg,70950
captcha_1577910112.jpg,56329
captcha_1577910113.jpg,77272
captcha_1577910114.jpg,00967
captcha_1577910115.jpg,76757
captcha_1577910116.jpg,87465
captcha_1577910117.jpg,66024
captcha_1577910118.jpg,66754
captcha_1577910119.jpg,35378
captcha_1577910120.jpg,00055
captcha_1577910121.jpg,20472
captcha_1577910122.jpg,03507
captcha_1577910123.jpg,23067
captcha_1577910124.jpg,39450
captcha_1577910125.jpg,94628
captcha_1577910126.jpg,00875
captcha_1577910127.jpg,44754
captcha_1577910128.jpg,20405
captcha_1577910129.jpg,88542
captcha_1577910130.jpg,30700
captcha_1577910131.jpg,02283
captcha_1577910132.jpg,02083
captcha_1577910133.jpg,44603
captcha_1577910134.jpg,36305
captcha_1577910135.jpg,50788
captcha_1577910136.jpg,29000
captcha_1577910137.jpg,30727
captcha_1577910138.jpg,39045
captcha_1577910139.jpg,97838
captcha_1577910140.jpg,98000
captcha_1577910141.jpg,82220
captcha_1577910142.jpg,74900
captcha_1577910143.jpg,77980
captcha_1577910144.jpg,30437
captcha_1577910145.jpg,27255
captcha_1577910146.jpg,80992
captcha_1577910147.jpg,40363
captcha_1577910148.jpg,86302
captcha_1577910149.jpg,34840
captcha_1577910150.jpg,32088
captcha_1577910151.jpg,93046
captcha_1577910152.jpg,58385
captcha_1577910153.jpg,73067
captcha_1577910154.jpg,48536
captcha_1577910155.jpg,88275
captcha_1577910156.jpg,66800
captcha_1577910157.jpg,47396
captcha_1577910158.jpg,39470
captcha_1577910159.jpg,58926
captcha_1577910160.jpg,69504
captcha_1577910161.jpg,25239
captcha_1577910162.jpg,00604
captcha_1577910163.jpg,32054
captcha_1577910164.jpg,88897
captcha_1577910165.jpg,73030
captcha_1577910166.jpg,
captcha_1577910167.jpg,32890
captcha_1577910168.jpg,68020
captcha_1577910169.jpg,49893
captcha_1577910170.jpg,56065
captcha_1577910171.jpg,34940
captcha_1577910172.jpg,95809
captcha_1577910173.jpg,07394
captcha_1577910174.jpg,40304
captcha_1577910175.jpg,96726
captcha_1577910176.jpg,49025
captcha_1577910177.jpg,70772
captcha_1577910178.jpg,55790
captcha_1577910179.jpg,39358
captcha_1577910180.jpg,24000
captcha_1577910181.jpg,23206
captcha_1577910182.jpg,34559
captcha_1577910183.jpg,02659
captcha_1577910184.jpg,45829
captcha_1577910185.jpg,52702
captcha_1577910186.jpg,80627
captcha_1577910187.jpg,88529
captcha_1577910188.jpg,67277
captcha_1577910189.jpg,07526
captcha_1577910190.jpg,52800
captcha_1577910191.jpg,30227
captcha_1577910192.jpg,73450
captcha_1577910193.jpg,00057
captcha_1577910194.jpg,88785
captcha_1577910195.jpg,04305
captcha_1577910196.jpg,88734
captcha_1577910197.jpg,94354
captcha_1577910198.jpg,95570
captcha_1577910199.jpg,40533
captcha_1577910200.jpg,97080
captcha_1577910201.jpg,50469
captcha_1577910202.jpg,80520
captcha_1577910203.jpg,04850
captcha_1577910204.jpg,36026
captcha_1577910205.jpg,97708
captcha_1577910206.jpg,72643
captcha_1577910207.jpg,46774
captcha_1577910208.jpg,09220
captcha_1577910209.jpg,63270
captcha_1577910210.jpg,68043
captcha_1577910211.jpg,00493
captcha_1577910212.jpg,05796
captcha_1577910213.jpg,37772
captcha_1577910214.jpg,52607
captcha_1577910215.jpg,48475
captcha_1577910216.jpg,50387
captcha_1577910217.jpg,09854
captcha_1577910218.jpg,49505
captcha_1577910219.jpg,83346
captcha_1577910220.jpg,28572
captcha_1577910221.jpg,97099
captcha_1577910222.jpg,97733
captcha_1577910223.jpg,20943
captcha_1577910224.jpg,83584
captcha_1577910225.jpg,49420
captcha_1577910226.jpg,32058
captcha_1577910227.jpg,30744
captcha_1577910228.jpg,36032
captcha_1577910229.jpg,30328
captcha_1577910230.jpg,26485
captcha_1577910231.jpg,85807
captcha_1577910232.jpg,76705
captcha_1577910233.jpg,98509
captcha_1577910234.jpg,77885
captcha_1577910235.jpg,66323
captcha_1577910236.jpg,90440
captcha_1577910237.jpg,49036
captcha_1577910238.jpg,89008
captcha_1577910239.jpg,04079
captcha_1577910240.jpg,07204
captcha_1577910241.jpg,20687
captcha_1577910242.jpg,88780
captcha_1577910243.jpg,60443
captcha_1577910244.jpg,56802
captcha_1577910245.jpg,53495
captcha_1577910246.jpg,04230
captcha_1577910247.jpg,
captcha_1577910248.jpg,00325
captcha_1577910249.jpg,53227
captcha_1577910250.jpg,72078
captcha_1577910251.jpg,26270
captcha_1577910252.jpg,90822
captcha_1577910253.jpg,83739
captcha_1577910254.jpg,63052
captcha_1577910255.jpg,24086
captcha_1577910256.jpg,97673
captcha_1577910257.jpg,54739
captcha_1577910258.jpg,82404
captcha_1577910259.jpg,76204
captcha_1577910260.jpg,78305
captcha_1577910261.jpg,86207
captcha_1577910262.jpg,85492
captcha_1577910263.jpg,70348
captcha_1577910264.jpg,28033
captcha_1577910265.jpg,38579
captcha_1577910266.jpg,
captcha_1577910267.jpg,73345
captcha_1577910268.jpg,05708
captcha_1577910269.jpg,38363
captcha_1577910270.jpg,97844
captcha_1577910271.jpg,46908
captcha_1577910272.jpg,86096
captcha_1577910273.jpg,99634
captcha_1577910274.jpg,09007
captcha_1577910275.jpg,24553
captcha_1577910276.jpg,30807
captcha_1577910277.jpg,27308
captcha_1577910278.jpg,22909
captcha_1577910279.jpg,08604
captcha_1577910280.jpg,24209
captcha_1577910281.jpg,07849
captcha_1577910282.jpg,00329
captcha_1577910283.jpg,58077
captcha_1577910284.jpg,40020
captcha_1577910285.jpg,95082
captcha_1577910286.jpg,07055
captcha_1577910287.jpg,02640
captcha_1577910288.jpg,54300
captcha_1577910289.jpg,08895
captcha_1577910290.jpg,24006
captcha_1577910291.jpg,56665
captcha_1577910292.jpg,97502
captcha_1577910293.jpg,29000
captcha_1577910294.jpg,70944
captcha_1577910295.jpg,29985
captcha_1577910296.jpg,43729
captcha_1577910297.jpg,48599
captcha_1577910298.jpg,00377
captcha_1577910299.jpg,70026
captcha_1577910300.jpg,00433
captcha_1577910301.jpg,28433
captcha_1577910302.jpg,22385
captcha_1577910303.jpg,20672
captcha_1577910304.jpg,27979
captcha_1577910305.jpg,32889
captcha_1577910306.jpg,32534
captcha_1577910307.jpg,04302
captcha_1577910308.jpg,73003
captcha_1577910309.jpg,73688
captcha_1577910310.jpg,54934
captcha_1577910311.jpg,92967
captcha_1577910312.jpg,34876
captcha_1577910313.jpg,74875
captcha_1577910314.jpg,76075
captcha_1577910315.jpg,85008
captcha_1577910316.jpg,69046
captcha_1577910317.jpg,94255
captcha_1577910318.jpg,65760
captcha_1577910319.jpg,77373
captcha_1577910320.jpg,60773
captcha_1577910321.jpg,84393
captcha_1577910322.jpg,00777
captcha_1577910323.jpg,20564
captcha_1577910324.jpg,07000
captcha_1577910325.jpg,03750
captcha_1577910326.jpg,77045
captcha_1577910327.jpg,04870
captcha_1577910328.jpg,06022
captcha_1577910329.jpg,63860
captcha_1577910330.jpg,36832
captcha_1577910331.jpg,30935
captcha_1577910332.jpg,00840
captcha_1577910333.jpg,30678
captcha_1577910334.jpg,05340
captcha_1577910335.jpg,27358
captcha_1577910336.jpg,43960
captcha_1577910337.jpg,89269
captcha_1577910338.jpg,92903
captcha_1577910339.jpg,00336
captcha_1577910340.jpg,37757
captcha_1577910341.jpg,79357
captcha_1577910342.jpg,57980
captcha_1577910343.jpg,65462
captcha_1577910344.jpg,
captcha_1577910345.jpg,66237
captcha_1577910346.jpg,89738
captcha_1577910347.jpg,22670
captcha_1577910348.jpg,80700
captcha_1577910349.jpg,20809
captcha_1577910350.jpg,60000
captcha_1577910351.jpg,26950
captcha_1577910352.jpg,28307
captcha_1577910353.jpg,36089
captcha_1577910354.jpg,03026
captcha_1577910355.jpg,06059
captcha_1577910356.jpg,27525
captcha_1577910357.jpg,44078
captcha_1577910358.jpg,26079
captcha_1577910359.jpg,70009
captcha_1577910360.jpg,08939
captcha_1577910361.jpg,78700
captcha_1577910362.jpg,33570
captcha_1577910363.jpg,55626
captcha_1577910364.jpg,09970
captcha_1577910365.jpg,80730
captcha_1577910366.jpg,90479
captcha_1577910367.jpg,49002
captcha_1577910368.jpg,09822
captcha_1577910369.jpg,68056
captcha_1577910370.jpg,05440
captcha_1577910371.jpg,37288
captcha_1577910372.jpg,50032
captcha_1577910373.jpg,55700
captcha_1577910374.jpg,70400
captcha_1577910375.jpg,09500
captcha_1577910376.jpg,07083
captcha_1577910377.jpg,78275
captcha_1577910378.jpg,56957
captcha_1577910379.jpg,25390
captcha_1577910380.jpg,62260
captcha_1577910381.jpg,70749
captcha_1577910382.jpg,99030
captcha_1577910383.jpg,55908
captcha_1577910384.jpg,53582
captcha_1577910385.jpg,66024
captcha_1577910386.jpg,80905
captcha_1577910387.jpg,77057
captcha_1577910388.jpg,63493
captcha_1577910389.jpg,39262
captcha_1577910390.jpg,90000
captcha_1577910391.jpg,45477
captcha_1577910392.jpg,20533
captcha_1577910393.jpg,92975
captcha_1577910394.jpg,86592
captcha_1577910395.jpg,76330
captcha_1577910396.jpg,57540
captcha_1577910397.jpg,48603
captcha_1577910398.jpg,48038
captcha_1577910399.jpg,34800
captcha_1577910400.jpg,49000
captcha_1577910401.jpg,62278
captcha_1577910402.jpg,
captcha_1577910403.jpg,74257
captcha_1577910404.jpg,93087
captcha_1577910405.jpg,27694
captcha_1577910406.jpg,60460
captcha_1577910407.jpg,40004
captcha_1577910408.jpg,54774
captcha_1577910409.jpg,44220
captcha_1577910410.jpg,44000
captcha_1577910411.jpg,74387
captcha_1577910412.jpg,05050
captcha_1577910413.jpg,55948
captcha_1577910414.jpg,32344
captcha_1577910415.jpg,70795
captcha_1577910416.jpg,30245
captcha_1577910417.jpg,76297
captcha_1577910418.jpg,87002
captcha_1577910419.jpg,52372
captcha_1577910420.jpg,03502
captcha_1577910421.jpg,49544
captcha_1577910422.jpg,93628
captcha_1577910423.jpg,70760
captcha_1577910424.jpg,38920
captcha_1577910425.jpg,70284
captcha_1577910426.jpg,78540
captcha_1577910427.jpg,90068
captcha_1577910428.jpg,42090
captcha_1577910429.jpg,52003
captcha_1577910430.jpg,36309
captcha_1577910431.jpg,58363
captcha_1577910432.jpg,63620
captcha_1577910433.jpg,02266
captcha_1577910434.jpg,33989
captcha_1577910435.jpg,00248
captcha_1577910436.jpg,20040
captcha_1577910437.jpg,65773
captcha_1577910438.jpg,60043
captcha_1577910439.jpg,88205
captcha_1577910440.jpg,45739
captcha_1577910441.jpg,80936
captcha_1577910442.jpg,33709
captcha_1577910443.jpg,32080
captcha_1577910444.jpg,59722
captcha_1577910445.jpg,83800
captcha_1577910446.jpg,74059
captcha_1577910447.jpg,74220
captcha_1577910448.jpg,22256
captcha_1577910449.jpg,00046
captcha_1577910450.jpg,49208
captcha_1577910451.jpg,99994
captcha_1577910452.jpg,80208
captcha_1577910453.jpg,97492
captcha_1577910454.jpg,30504
captcha_1577910455.jpg,00980
captcha_1577910456.jpg,60800
captcha_1577910457.jpg,25985
captcha_1577910458.jpg,27330
captcha_1577910459.jpg,60606
captcha_1577910460.jpg,72737
captcha_1577910461.jpg,58743
captcha_1577910462.jpg,27026
captcha_1577910463.jpg,70072
captcha_1577910464.jpg,62306
captcha_1577910465.jpg,32630
captcha_1577910466.jpg,42800
captcha_1577910467.jpg,49607
captcha_1577910468.jpg,77905
captcha_1577910469.jpg,23200
captcha_1577910470.jpg,52978
captcha_1577910471.jpg,58657
captcha_1577910472.jpg,20709
captcha_1577910473.jpg,00096
captcha_1577910474.jpg,80076
captcha_1577910475.jpg,27000
captcha_1577910476.jpg,92858
captcha_1577910477.jpg,30500
captcha_1577910478.jpg,00407
captcha_1577910479.jpg,52384
captcha_1577910480.jpg,07859
captcha_1577910481.jpg,67796
captcha_1577910482.jpg,32529
captcha_1577910483.jpg,34309
captcha_1577910484.jpg,55072
captcha_1577910485.jpg,93092
captcha_1577910486.jpg,92070
captcha_1577910487.jpg,57055
captcha_1577910488.jpg,07522
captcha_1577910489.jpg,29076
captcha_1577910490.jpg,44267
captcha_1577910491.jpg,89602
captcha_1577910492.jpg,20087
captcha_1577910493.jpg,30006
captcha_1577910494.jpg,73356
captcha_1577910495.jpg,00007
captcha_1577910496.jpg,49097
captcha_1577910497.jpg,60493
captcha_1577910498.jpg,58088
captcha_1577910499.jpg,70505
captcha_1577910500.jpg,07243
captcha_1577910501.jpg,96584
captcha_1577910502.jpg,76900
captcha_1577910503.jpg,30550
captcha_1577910504.jpg,70000
captcha_1577910505.jpg,44220
captcha_1577910506.jpg,96274
captcha_1577910507.jpg,08260
captcha_1577910508.jpg,03954
captcha_1577910509.jpg,88648
captcha_1577910510.jpg,79487
captcha_1577910511.jpg,
captcha_1577910512.jpg,02959
captcha_1577910513.jpg,08300
captcha_1577910514.jpg,
captcha_1577910515.jpg,46298
captcha_1577910516.jpg,96645
captcha_1577910517.jpg,89858
captcha_1577910518.jpg,49300
captcha_1577910519.jpg,00980
captcha_1577910520.jpg,79407
captcha_1577910521.jpg,20038
captcha_1577910522.jpg,04820
captcha_1577910523.jpg,38544
captcha_1577910524.jpg,43748
captcha_1577910525.jpg,59386
captcha_1577910526.jpg,20407
captcha_1577910527.jpg,40460
captcha_1577910528.jpg,70828
captcha_1577910529.jpg,
captcha_1577910530.jpg,05700
captcha_1577910531.jpg,69385
captcha_1577910532.jpg,67206
captcha_1577910533.jpg,07399
captcha_1577910534.jpg,89075
captcha_1577910535.jpg,54269
captcha_1577910536.jpg,56306
captcha_1577910537.jpg,00055
captcha_1577910538.jpg,20383
captcha_1577910539.jpg,37720
captcha_1577910540.jpg,67535
captcha_1577910541.jpg,83425
captcha_1577910542.jpg,86463
captcha_1577910543.jpg,47090
captcha_1577910544.jpg,73085
captcha_1577910546.jpg,83098
captcha_1577910547.jpg,04005
captcha_1577910548.jpg,96450
captcha_1577910549.jpg,65563
captcha_1577910550.jpg,35060
captcha_1577910551.jpg,05225
captcha_1577910552.jpg,35730
captcha_1577910553.jpg,70830
captcha_1577910554.jpg,29777
captcha_1577910555.jpg,08820
captcha_1577910556.jpg,72030
captcha_1577910557.jpg,72302
captcha_1577910558.jpg,98970
captcha_1577910559.jpg,62008
captcha_1577910560.jpg,20680
captcha_1577910561.jpg,77685
captcha_1577910562.jpg,86789
captcha_1577910563.jpg,65608
captcha_1577910564.jpg,60745
captcha_1577910565.jpg,45974
captcha_1577910566.jpg,33797
captcha_1577910567.jpg,38090
captcha_1577910568.jpg,47058
captcha_1577910569.jpg,68820
captcha_1577910570.jpg,70876
captcha_1577910571.jpg,50426
captcha_1577910572.jpg,66772
captcha_1577910573.jpg,37703
captcha_1577910574.jpg,32536
captcha_1577910575.jpg,36596
captcha_1577910576.jpg,20432
captcha_1577910577.jpg,56843
captcha_1577910611.jpg,05066
captcha_1577910612.jpg,28350
captcha_1577910613.jpg,89009
captcha_1577910614.jpg,89073
captcha_1577910615.jpg,33048
captcha_1577910616.jpg,36850
captcha_1577910617.jpg,94862
captcha_1577910618.jpg,76036
captcha_1577910619.jpg,22080
captcha_1577910620.jpg,
captcha_1577910621.jpg,30725
captcha_1577910622.jpg,54256
captcha_1577910623.jpg,67277
captcha_1577910624.jpg,62097
captcha_1577910625.jpg,22408
captcha_1577910626.jpg,85077
captcha_1577910627.jpg,93033
captcha_1577910628.jpg,73643
captcha_1577910629.jpg,68655
captcha_1577910630.jpg,20583
captcha_1577910631.jpg,75877
captcha_1577910632.jpg,80653
captcha_1577910633.jpg,76206
captcha_1577910634.jpg,39329
captcha_1577910635.jpg,42844
captcha_1577910636.jpg,72994
captcha_1577910637.jpg,98008
captcha_1577910638.jpg,79407
captcha_1577910639.jpg,62807
captcha_1577910640.jpg,34346
captcha_1577910641.jpg,99953
captcha_1577910642.jpg,25872
captcha_1577910643.jpg,27064
captcha_1577910644.jpg,74003
captcha_1577910645.jpg,58627
captcha_1577910646.jpg,95928
captcha_1577910647.jpg,36224
captcha_1577910648.jpg,80354
captcha_1577910649.jpg,39886
captcha_1577910650.jpg,95700
captcha_1577910651.jpg,38920
captcha_1577910652.jpg,04227
captcha_1577910653.jpg,25589
captcha_1577910654.jpg,98942
captcha_1577910655.jpg,66092
captcha_1577910656.jpg,87038
captcha_1577910657.jpg,46827
captcha_1577910658.jpg,40347
captcha_1577910659.jpg,86408
captcha_1577910660.jpg,70364
captcha_1577910661.jpg,00562
captcha_1577910662.jpg,70834
captcha_1577910741.jpg,33729
captcha_1577910742.jpg,90663
captcha_1577910743.jpg,56082
captcha_1577910744.jpg,78220
captcha_1577910745.jpg,00370
captcha_1577910746.jpg,24285
captcha_1577910747.jpg,96880
captcha_1577910748.jpg,50877
captcha_1577910749.jpg,32702
captcha_1577910750.jpg,30435
captcha_1577910751.jpg,28888
captcha_1577910752.jpg,42393
captcha_1577910753.jpg,35505
captcha_1577910754.jpg,90088
captcha_1577910755.jpg,33302
captcha_1577910756.jpg,80855
captcha_1577910757.jpg,73660
captcha_1577910758.jpg,09543
captcha_1577910759.jpg,53952
captcha_1577910760.jpg,58929
captcha_1577910761.jpg,99608
captcha_1577910762.jpg,22002
captcha_1577910763.jpg,93360
captcha_1577910764.jpg,77247
captcha_1577910765.jpg,27675
captcha_1577910766.jpg,20650
captcha_1577910767.jpg,52397
captcha_1577910768.jpg,05473
captcha_1577910769.jpg,84285
captcha_1577910770.jpg,47978
captcha_1577910771.jpg,67407
captcha_1577910772.jpg,44826
captcha_1577910773.jpg,45390
captcha_1577910774.jpg,90753
captcha_1577910775.jpg,40537
captcha_1577910776.jpg,25460
captcha_1577910777.jpg,94677
captcha_1577910778.jpg,58256
captcha_1577910779.jpg,50036
captcha_1577910780.jpg,84539
captcha_1577910781.jpg,00042
captcha_1577910782.jpg,70573
captcha_1577910783.jpg,33790
captcha_1577910784.jpg,36046
captcha_1577910785.jpg,02375
captcha_1577910786.jpg,76630
captcha_1577910787.jpg,23700
captcha_1577910788.jpg,04657
captcha_1577910789.jpg,80048
captcha_1577910790.jpg,63230
captcha_1577910871.jpg,20854
captcha_1577910873.jpg,80462
captcha_1577910874.jpg,25098
captcha_1577910875.jpg,39404
captcha_1577910877.jpg,82009
captcha_1577910878.jpg,75877
captcha_1577910880.jpg,05827
captcha_1577910881.jpg,96502
captcha_1577910883.jpg,95308
captcha_1577910884.jpg,60037
captcha_1577910886.jpg,00200
captcha_1577910887.jpg,88325
captcha_1577910889.jpg,60704
captcha_1577910890.jpg,27762
captcha_1577910891.jpg,20763
captcha_1577910893.jpg,
captcha_1577910894.jpg,77900
captcha_1577910896.jpg,80720
captcha_1577910897.jpg,45794
captcha_1577910899.jpg,97076
captcha_1577910900.jpg,83426
captcha_1577910902.jpg,20226
captcha_1577910903.jpg,69033
captcha_1577910904.jpg,09369
captcha_1577910906.jpg,02567
captcha_1577910907.jpg,44032
captcha_1577910909.jpg,42373
captcha_1577910910.jpg,05245
captcha_1577910912.jpg,
captcha_1577910913.jpg,99588
captcha_1577910915.jpg,54696
captcha_1577910916.jpg,20095
captcha_1577910918.jpg,86056
captcha_1577910919.jpg,00062
captcha_1577910920.jpg,48900
captcha_1577910922.jpg,08730
captcha_1577910923.jpg,93692
captcha_1577910925.jpg,23372
captcha_1577910926.jpg,88803
captcha_1577910928.jpg,77350
captcha_1577910929.jpg,45994
captcha_1577910930.jpg,26329
captcha_1577910932.jpg,30526
captcha_1577910933.jpg,63338
captcha_1577910935.jpg,69287
captcha_1577910936.jpg,63503
captcha_1577910938.jpg,52067
captcha_1577910939.jpg,66407
captcha_1577910940.jpg,28576
captcha_1577910942.jpg,68023
captcha_1577910943.jpg,29300
captcha_1577910945.jpg,05059
captcha_1577910946.jpg,35407
captcha_1577910947.jpg,39699
captcha_1577910949.jpg,04967
captcha_1577910950.jpg,86732
captcha_1577910952.jpg,54885
captcha_1577910953.jpg,83793
captcha_1577910955.jpg,23205
captcha_1577910956.jpg,03960
captcha_1577910958.jpg,34004
captcha_1577910959.jpg,97687
captcha_1577910961.jpg,75900
captcha_1577910962.jpg,90632
captcha_1577910963.jpg,97075
captcha_1577910965.jpg,24245
captcha_1577910966.jpg,53025
captcha_1577910968.jpg,33924
captcha_1577910969.jpg,56827
captcha_1577910970.jpg,04457
captcha_1577910972.jpg,66304
captcha_1577910973.jpg,87200
captcha_1577910975.jpg,75002
captcha_1577910976.jpg,80075
captcha_1577910978.jpg,79459
captcha_1577910979.jpg,24902
captcha_1577910981.jpg,97436
captcha_1577910982.jpg,42645
captcha_1577910984.jpg,39628
captcha_1577910985.jpg,38630
captcha_1577910986.jpg,30743
captcha_1577910988.jpg,55927
captcha_1577910990.jpg,50095
captcha_1577910991.jpg,06780
captcha_1577910993.jpg,82905
captcha_1577910994.jpg,88200
captcha_1577910996.jpg,83078
captcha_1577910997.jpg,37004
captcha_1577910998.jpg,44096
captcha_1577911000.jpg,60296
captcha_1577911001.jpg,43627
captcha_1577911003.jpg,37279
captcha_1577911005.jpg,22706
captcha_1577911007.jpg,80988
captcha_1577911008.jpg,43075
captcha_1577911010.jpg,26994
captcha_1577911011.jpg,30698
captcha_1577911013.jpg,05677
captcha_1577911015.jpg,26706
captcha_1577911016.jpg,93627
captcha_1577911021.jpg,05590
captcha_1577911023.jpg,98563
captcha_1577911024.jpg,78306
captcha_1577911025.jpg,25946
captcha_1577911027.jpg,55086
captcha_1577911028.jpg,05988
captcha_1577911029.jpg,23090
captcha_1577911031.jpg,83098
captcha_1577911032.jpg,68309
captcha_1577911034.jpg,65999
captcha_1577911035.jpg,80796
captcha_1577911037.jpg,68420
captcha_1577911038.jpg,
captcha_1577911040.jpg,87987
captcha_1577911041.jpg,
captcha_1577911043.jpg,30363
captcha_1577911044.jpg,63042
captcha_1577911045.jpg,42263
captcha_1577911047.jpg,90026
captcha_1577911048.jpg,88005
captcha_1577911050.jpg,68707
captcha_1577911051.jpg,50740
captcha_1577911053.jpg,48027
captcha_1577911054.jpg,47804
captcha_1577911055.jpg,20625
captcha_1577911057.jpg,96885
captcha_1577911058.jpg,90097
captcha_1577911060.jpg,40042
captcha_1577911061.jpg,78886
captcha_1577911063.jpg,33480
captcha_1577911064.jpg,45082
captcha_1577911065.jpg,33064
captcha_1577911067.jpg,66400
captcha_1577911068.jpg,58763
captcha_1577911070.jpg,72095
captcha_1577911071.jpg,64369
captcha_1577911073.jpg,89259
captcha_1577911074.jpg,90470
captcha_1577911076.jpg,24600
captcha_1577911078.jpg,86698
captcha_1577911079.jpg,22079
captcha_1577911080.jpg,93209
captcha_1577911082.jpg,63858
captcha_1577911083.jpg,26725
captcha_1577911085.jpg,68072
captcha_1577911086.jpg,32309
captcha_1577911087.jpg,05945
captcha_1577911089.jpg,06042
captcha_1577911090.jpg,04923
captcha_1577911092.jpg,00040
captcha_1577911093.jpg,76725
captcha_1577911095.jpg,50055
captcha_1577911096.jpg,03382
captcha_1577911097.jpg,48050
captcha_1577911099.jpg,82094
captcha_1577911100.jpg,82059
captcha_1577911102.jpg,47209
captcha_1577911103.jpg,20056
captcha_1577911105.jpg,04374
captcha_1577911106.jpg,50423
captcha_1577911108.jpg,80728
captcha_1577911109.jpg,36028
captcha_1577911110.jpg,44429
captcha_1577911112.jpg,46240
captcha_1577911114.jpg,63262
captcha_1577911115.jpg,04923
captcha_1577911116.jpg,59289
captcha_1577911118.jpg,23800
captcha_1577911119.jpg,02306
captcha_1577911121.jpg,80350
captcha_1577911122.jpg,09240
captcha_1577911123.jpg,82079
captcha_1577911125.jpg,73003
captcha_1577911126.jpg,44346
captcha_1577911128.jpg,02989
captcha_1577911129.jpg,40920
captcha_1577911130.jpg,23006
captcha_1577911132.jpg,50060
captcha_1577911133.jpg,76070
captcha_1577911135.jpg,05540
captcha_1577911136.jpg,98074
captcha_1577911138.jpg,56693
captcha_1577911139.jpg,39957
captcha_1577911141.jpg,30820
captcha_1577911142.jpg,50890
captcha_1577911144.jpg,75025
captcha_1577911145.jpg,93248
captcha_1577911146.jpg,45274
captcha_1577911148.jpg,30799
captcha_1577911149.jpg,75582
captcha_1577911150.jpg,34043
captcha_1577911152.jpg,09600
captcha_1577911153.jpg,82389
captcha_1577911154.jpg,
captcha_1577911156.jpg,
captcha_1577911157.jpg,85084
captcha_1577911159.jpg,70440
captcha_1577911160.jpg,59304
captcha_1577911162.jpg,47006
captcha_1577911163.jpg,06807
captcha_1577911175.jpg,55326
captcha_1577911176.jpg,77782
captcha_1577911178.jpg,25703
captcha_1577911179.jpg,80304
captcha_1577911181.jpg,39287
captcha_1577911182.jpg,86075
captcha_1577911183.jpg,47527
captcha_1577911185.jpg,30506
captcha_1577911186.jpg,85885
captcha_1577911188.jpg,23622
captcha_1577911189.jpg,48809
captcha_1577911191.jpg,30924
captcha_1577911192.jpg,22085
captcha_1577911193.jpg,25605
captcha_1577911195.jpg,47707
captcha_1577911196.jpg,74353
captcha_1577911198.jpg,
captcha_1577911199.jpg,86809
captcha_1577911201.jpg,69422
captcha_1577911202.jpg,50489
captcha_1577911203.jpg,84048
captcha_1577911205.jpg,28353
captcha_1577911206.jpg,46000
captcha_1577911208.jpg,93006
captcha_1577911209.jpg,23486
captcha_1577911211.jpg,00056
captcha_1577911212.jpg,82057
captcha_1577911214.jpg,04700
captcha_1577911215.jpg,60062
captcha_1577911217.jpg,20578
captcha_1577911218.jpg,08099
captcha_1577911220.jpg,
captcha_1577911221.jpg,50693
captcha_1577911222.jpg,60880
captcha_1577911224.jpg,
captcha_1577911225.jpg,57302
captcha_1577911227.jpg,86474
captcha_1577911228.jpg,29889
captcha_1577911230.jpg,88570
captcha_1577911231.jpg,88857
captcha_1577911233.jpg,37537
captcha_1577911234.jpg,88807
captcha_1577911235.jpg,30428
captcha_1577911237.jpg,09727
captcha_1577911238.jpg,57382
captcha_1577911240.jpg,70328
captcha_1577911241.jpg,55750
captcha_1577911243.jpg,35396
captcha_1577911244.jpg,20800
captcha_1577911246.jpg,45230
captcha_1577911247.jpg,78359
captcha_1577911249.jpg,02009
captcha_1577911250.jpg,73330
captcha_1577911252.jpg,80420
captcha_1577911253.jpg,39048
captcha_1577911255.jpg,42550
captcha_1577911256.jpg,53347
captcha_1577911259.jpg,90047
captcha_1577911260.jpg,23385
captcha_1577911263.jpg,33053
captcha_1577911265.jpg,26259
captcha_1577911266.jpg,66426
captcha_1577911268.jpg,74532
captcha_1577911269.jpg,53663
captcha_1577911270.jpg,53309
captcha_1577911272.jpg,20777
captcha_1577911273.jpg,83504
captcha_1577911275.jpg,67457
captcha_1577911276.jpg,20449
captcha_1577911278.jpg,07329
captcha_1577911279.jpg,06754
captcha_1577911280.jpg,60480
captcha_1577911282.jpg,08342
captcha_1577911283.jpg,87854
captcha_1577911285.jpg,42926
captcha_1577911286.jpg,99965
captcha_1577911288.jpg,93044
captcha_1577911289.jpg,32403
captcha_1577911291.jpg,70056
captcha_1577911292.jpg,68328
captcha_1577911294.jpg,80769
captcha_1577911295.jpg,60473
captcha_1577911296.jpg,50059
captcha_1577911298.jpg,30408
captcha_1577911299.jpg,93277
captcha_1577911301.jpg,50956
captcha_1577911302.jpg,20000
captcha_1577911304.jpg,48526
captcha_1577911305.jpg,23909
captcha_1577911307.jpg,58400
captcha_1577911308.jpg,52725
captcha_1577911309.jpg,00560
captcha_1577911311.jpg,60487
captcha_1577911312.jpg,40392
captcha_1577911314.jpg,74860
captcha_1577911315.jpg,72038
captcha_1577911317.jpg,03764
captcha_1577911318.jpg,43953
captcha_1577911319.jpg,98453
captcha_1577911321.jpg,37047
captcha_1577911396.jpg,93345
captcha_1577911397.jpg,05265
captcha_1577911399.jpg,45730
captcha_1577911401.jpg,96003
captcha_1577911402.jpg,07048
captcha_1577911404.jpg,68673
captcha_1577911405.jpg,98459
captcha_1577911407.jpg,40766
captcha_1577911408.jpg,00700
captcha_1577911410.jpg,42075
captcha_1577911411.jpg,72746
captcha_1577911413.jpg,30830
captcha_1577911414.jpg,39050
captcha_1577911416.jpg,22085
captcha_1577911417.jpg,42060
captcha_1577911419.jpg,42833
captcha_1577911421.jpg,92740
captcha_1577911422.jpg,29608
captcha_1577911424.jpg,83828
captcha_1577911425.jpg,57653
captcha_1577911427.jpg,82450
captcha_1577911428.jpg,00602
captcha_1577911430.jpg,05006
captcha_1577911432.jpg,09029
captcha_1577911433.jpg,43494
captcha_1577911435.jpg,34544
captcha_1577911436.jpg,36654
captcha_1577911438.jpg,35785
captcha_1577911439.jpg,35338
captcha_1577911441.jpg,40062
captcha_1577911443.jpg,77690
captcha_1577911445.jpg,87405
captcha_1577911446.jpg,02448
captcha_1577911448.jpg,89568
captcha_1577911449.jpg,50643
captcha_1577911451.jpg,76853
captcha_1577911452.jpg,23570
captcha_1577911454.jpg,95338
captcha_1577911455.jpg,40055
captcha_1577911457.jpg,62209
captcha_1577911458.jpg,98804
captcha_1577911460.jpg,32306
captcha_1577911462.jpg,06794
captcha_1577911463.jpg,52772
captcha_1577911465.jpg,54045
captcha_1577911466.jpg,04383
captcha_1577911468.jpg,58202
captcha_1577911469.jpg,73207
captcha_1577911471.jpg,82009
captcha_1577911472.jpg,63772
captcha_1577911474.jpg,58955
captcha_1577911475.jpg,20585
captcha_1577911477.jpg,50706
captcha_1577911479.jpg,05597
captcha_1577911480.jpg,00725
captcha_1577911482.jpg,20695
captcha_1577911483.jpg,50953
captcha_1577911485.jpg,47406
captcha_1577911486.jpg,00460
captcha_1577911488.jpg,62073
captcha_1577911489.jpg,06770
captcha_1577911491.jpg,45006
captcha_1577911492.jpg,00578
captcha_1577911494.jpg,83857
captcha_1577911495.jpg,85877
captcha_1577911497.jpg,98767
captcha_1577911498.jpg,40503
captcha_1577911500.jpg,03459
captcha_1577911501.jpg,40293
captcha_1577911504.jpg,45860
captcha_1577911506.jpg,78657
captcha_1577911509.jpg,85090
captcha_1577911510.jpg,50004
captcha_1577911512.jpg,24364
captcha_1577911513.jpg,23625
captcha_1577911515.jpg,73980
captcha_1577911516.jpg,03090
captcha_1577911518.jpg,49590
captcha_1577911520.jpg,27628
captcha_1577911521.jpg,05225
captcha_1577911523.jpg,57092
captcha_1577911525.jpg,67808
captcha_1577911527.jpg,
captcha_1577911528.jpg,30367
captcha_1577911530.jpg,63309
captcha_1577911532.jpg,33003
captcha_1577911534.jpg,54654
captcha_1577911536.jpg,37774
captcha_1577911537.jpg,00020
captcha_1577911539.jpg,70067
captcha_1577911540.jpg,98339
captcha_1577911541.jpg,20555
captcha_1577911543.jpg,37553
captcha_1577911544.jpg,50539
captcha_1577911546.jpg,39692
captcha_1577911547.jpg,53995
captcha_1577911549.jpg,70377
captcha_1577911550.jpg,26500
captcha_1577911551.jpg,90595
captcha_1577911553.jpg,25476
captcha_1577911578.jpg,03769
captcha_1577911580.jpg,26589
captcha_1577911582.jpg,39380
captcha_1577911583.jpg,80009
captcha_1577911585.jpg,70000
captcha_1577911586.jpg,69707
captcha_1577911588.jpg,03973
captcha_1577911589.jpg,40635
captcha_1577911591.jpg,45086
captcha_1577911593.jpg,30427
captcha_1577911594.jpg,76802
captcha_1577911595.jpg,79790
captcha_1577911597.jpg,75563
captcha_1577911599.jpg,65048
captcha_1577911600.jpg,78003
captcha_1577911602.jpg,27263
captcha_1577911603.jpg,39420
captcha_1577911605.jpg,38982
captcha_1577911606.jpg,20368
captcha_1577911608.jpg,89020
captcha_1577911610.jpg,00000
captcha_1577911611.jpg,09006
captcha_1577911613.jpg,00930
captcha_1577911614.jpg,20484
captcha_1577911616.jpg,49205
captcha_1577911618.jpg,54090
captcha_1577911619.jpg,26677
captcha_1577911621.jpg,84505
captcha_1577911622.jpg,95022
captcha_1577911624.jpg,49054
captcha_1577911625.jpg,50804
captcha_1577911627.jpg,50549
captcha_1577911628.jpg,30504
captcha_1577911630.jpg,77700
captcha_1577911631.jpg,75443
captcha_1577911633.jpg,80209
captcha_1577911634.jpg,04560
captcha_1577911635.jpg,82080
captcha_1577911637.jpg,02267
captcha_1577911639.jpg,
captcha_1577911640.jpg,45940
captcha_1577911642.jpg,70074
captcha_1577911643.jpg,44020
captcha_1577911645.jpg,59730
captcha_1577911646.jpg,39009
captcha_1577911647.jpg,46045
captcha_1577911649.jpg,20244
captcha_1577911650.jpg,63256
captcha_1577911652.jpg,50639
captcha_1577911653.jpg,82780
captcha_1577911655.jpg,
captcha_1577911656.jpg,38036
captcha_1577911658.jpg,05940
captcha_1577911659.jpg,68200
captcha_1577911661.jpg,69532
captcha_1577911662.jpg,57282
captcha_1577911664.jpg,60505
captcha_1577911665.jpg,03060
captcha_1577911666.jpg,86480
captcha_1577911668.jpg,38364
captcha_1577911669.jpg,72505
captcha_1577911671.jpg,
captcha_1577911672.jpg,27502
captcha_1577911674.jpg,03065
captcha_1577911675.jpg,30637
captcha_1577911677.jpg,34000
captcha_1577911678.jpg,22238
captcha_1577911680.jpg,30679
captcha_1577911681.jpg,22673
captcha_1577911682.jpg,39405
captcha_1577911684.jpg,70068
captcha_1577911685.jpg,45707
captcha_1577911687.jpg,53949
captcha_1577911688.jpg,30704
captcha_1577911690.jpg,47356
captcha_1577911691.jpg,93495
captcha_1577911693.jpg,39986
captcha_1577911694.jpg,30663
captcha_1577911696.jpg,37742
captcha_1577911697.jpg,74453
captcha_1577911699.jpg,08024
captcha_1577911700.jpg,57034
captcha_1577911701.jpg,40755
captcha_1577911703.jpg,05874
captcha_1577911704.jpg,07378
captcha_1577911706.jpg,98283
captcha_1577911707.jpg,58348
captcha_1577911709.jpg,35245
captcha_1577911710.jpg,52720
captcha_1577911711.jpg,20985
captcha_1577911713.jpg,66065
captcha_1577911714.jpg,63077
captcha_1577911716.jpg,22085
captcha_1577911717.jpg,50454
captcha_1577911719.jpg,52899
captcha_1577911720.jpg,44000
captcha_1577911722.jpg,70807
captcha_1577911723.jpg,33505
captcha_1577911725.jpg,64608
captcha_1577911726.jpg,39075
